ds,yhat,yhat_lower,yhat_upper,y
2019-01-01,535.1174033696625,-2962.7157062194083,4390.612591720416,73.94
2019-01-02,1042.9878440965506,-2837.7302122527935,4731.059242202252,405.91999999999996
2019-01-03,890.455034918508,-2777.69552238733,4801.067715797902,2095.83
2019-01-04,757.9236035394613,-2972.3545033118385,4214.906844692987,1069.22
2019-01-05,-777.9842558495136,-4667.09017798498,2739.0036839635404,255.904
2019-01-07,751.7969209449623,-2978.6637472811567,4428.268485034332,83.576
2019-01-08,813.3280767166025,-2749.1420025416933,4551.9847135159835,1859.1580000000001
2019-01-09,768.7922681823745,-3123.730465682039,4567.46648430111,743.0459999999999
2019-01-10,721.8002985422726,-2914.0247244593543,4472.589010253142,174.75
2019-01-11,695.0412882593052,-2598.578580400664,4743.741353094482,149.444
2019-01-14,986.3126401074278,-2945.643398439143,4718.821088530465,405.344
2019-01-15,1133.6841373129375,-2573.004253869924,4753.09738870471,701.923
2019-01-16,1165.402842832606,-2543.9967878265497,4889.5445187702835,102.21799999999999
2019-01-17,1183.6340855292872,-2598.648743187274,5187.252413929138,1040.55
2019-01-21,731.9823727580153,-3004.663087910963,4702.88974993208,1167.056
2019-01-22,1725.0500924284765,-2056.625501855602,5192.606651296277,917.63
2019-01-23,1741.4420934164884,-1936.118235256236,5894.783608071862,1732.3
2019-01-24,1731.4298913514956,-1621.5061346464765,5612.313102618757,31.36
2019-01-25,1717.467852831038,-2295.8731505211326,5281.247161776366,858.712
2019-01-28,1907.7848526973828,-1713.2358600073542,5578.433083855432,39.68
2019-01-30,1917.9955900124912,-2225.6050056338036,5588.955334464266,3107.316
2019-01-31,1827.9701617140145,-2046.4285212915227,5612.004470961687,1601.5539999999999
2019-02-01,1733.8500169503068,-2163.935065371637,5589.912539180517,1161.97
2019-02-02,212.31829561128143,-3444.50755995598,3866.9373675187994,4996.784
2019-02-03,1240.6881116561942,-2327.712133669367,4885.99034009341,866.4
2019-02-04,1701.477614219396,-1939.152544411486,5373.513068319415,197.868
2019-02-05,1710.5502946743684,-2016.7644976145302,5498.10908007414,2994.476
2019-02-06,1594.5290597025723,-2083.635381601062,5131.944596368511,132.224
2019-02-07,1459.2926350722978,-2387.812015132921,5071.799364825406,762.142
2019-02-08,1330.1028617201769,-2462.879139594831,5175.408792863299,1369.476
2019-02-09,-215.76501721496834,-3988.041057171882,3403.337172340815,121.83
2019-02-11,1257.9097655429455,-2478.512117232933,4922.052003545946,69.93
2019-02-12,1275.6387919670221,-2485.9074368266533,5174.160452650436,1366.04
2019-02-13,1178.6341169821478,-2379.9511653501936,4998.42159744801,146.82
2019-02-14,1072.0383003657982,-2506.9392442923063,4792.951897286398,837.921
2019-02-15,980.1593663968595,-2893.7039940437494,4815.777110027801,407.072
2019-02-16,-520.8695541437244,-4132.226194674984,3091.173318794282,1135.638
2019-02-19,1136.7013436563334,-2533.9042466063447,4974.967588330236,392.65999999999997
2019-02-20,1100.6978233271122,-2533.4366772519747,4652.102451021821,16.496
2019-02-21,1055.364192967307,-2730.6975423572403,4746.76780688661,1524.126
2019-02-22,1023.5195344088828,-2713.75667184336,4677.304216504302,983.17
2019-02-23,-420.1134325199914,-4284.690953952655,3489.1384010569027,57.576
2019-02-25,1262.3487641356821,-2457.201824970433,4941.973042573358,46.72
2019-02-27,1381.0062323112784,-2798.2485558061367,5190.775480746381,243.892
2019-02-28,1363.6405870879953,-2141.861272539844,5127.895950836507,147.584
2019-03-01,1351.930759127603,-2300.853534984096,5329.396582330048,6285.8060000000005
2019-03-03,1044.2683256000028,-2720.630156873494,4560.879466793743,7264.422
2019-03-04,1603.6604366029555,-2165.578864597175,5372.399975906861,315.45
2019-03-05,1712.2262863006545,-2461.2140408601986,5338.7424988504,162.344
2019-03-06,1694.3972325965456,-1979.9259424148918,5679.877482417438,811.303
2019-03-07,1653.9755127472965,-2252.9476615646468,5406.881101220152,21.072
2019-03-08,1614.3075636441354,-2121.324275234498,5430.1448699073635,2190.81
2019-03-09,150.95463721023793,-3487.333973476704,3997.79522427434,635.6
2019-03-10,1240.0672849335167,-2521.927094247056,5150.824477968662,7879.734
2019-03-11,1762.9850835329667,-2409.7844206827676,5358.275399203746,896.0219999999999
2019-03-12,1834.400951624913,-1993.5450980326345,5477.068055493,1694.6419999999998
2019-03-13,1779.798077832042,-1987.958121090765,5562.896831694945,8866.882
2019-03-14,1703.967569791748,-1967.902190250678,5436.073465514371,669.3679999999999
2019-03-15,1631.1549843025593,-2038.1517469590542,5310.46892830691,2356.808
2019-03-17,1200.4288955061625,-2662.1148203063276,4831.238025858387,2360.3340000000003
2019-03-18,1701.1642365725497,-2035.312274678875,5545.740181770823,1061.682
2019-03-19,1754.9538839330914,-2069.2959345750214,5593.375162088514,138.68
2019-03-20,1687.4651273543614,-2122.8222788640087,5597.009260976321,928.311
2019-03-21,1603.5095590215021,-1981.0317610775796,5281.473509079889,645.7059999999999
2019-03-22,1527.1942713909534,-2120.4210153644635,5368.708837930282,226.46800000000002
2019-03-24,1102.041819840866,-2597.737983703599,4669.179722776822,745.774
2019-03-25,1610.8873746451823,-2024.8771091024475,5296.7423648478825,1346.97
2019-03-26,1675.51571559675,-2267.8381769042912,5499.910323013697,682.246
2019-03-27,1620.8803179655208,-2142.7377730780013,5034.257214664564,92.69999999999999
2019-03-28,1551.0300795133867,-2331.2818794038735,5369.835843809919,125.30000000000001
2019-03-29,1489.2867863356591,-2074.7062122170983,5409.652193156121,2659.339
2019-03-30,10.928163822938359,-3829.126876825098,3665.490284855449,11.34
2019-03-31,1091.5825232984478,-2632.584602246031,4890.529357350375,640.762
2019-04-01,1611.8555960048905,-1994.566954180665,5192.13244886204,2161.48
2019-04-02,1685.5279336808037,-2149.99531462702,5308.0146743946925,1454.9
2019-04-03,1637.0297660144029,-2161.6249786606318,5341.831430230674,441.198
2019-04-04,1570.0001709105643,-2156.026432373483,5343.006730739053,970.194
2019-04-05,1507.4773788046232,-2021.8083170521354,5294.660417449603,1046.3339999999998
2019-04-06,24.590586569090874,-3842.2671047149724,3815.558547763744,1294.75
2019-04-07,1096.9590736226164,-2442.8616380880353,5098.147065112733,1970.574
2019-04-08,1605.3191239058017,-2101.2496100586313,5306.006342036111,2906.404
2019-04-09,1663.7171756654875,-2212.9427919266604,5558.365350085183,1115.197
2019-04-10,1596.976260400477,-2468.3632142180754,5236.5278316392205,950.594
2019-04-12,1424.1615412441747,-2153.134316710697,5250.3751008061445,1542.53
2019-04-13,-82.45215536387536,-3866.3077104114273,3509.9429484294747,6.12
2019-04-14,965.7664730919146,-2665.5601143691047,4812.810429061127,1466.572
2019-04-15,1450.3352660422026,-2462.9140510270013,5142.703946189945,2201.8559999999998
2019-04-16,1486.0944755842218,-2260.4633193373775,5119.086033461836,9335.086000000001
2019-04-17,1398.6489904908472,-2562.227903548402,5189.3623236638405,421.08500000000004
2019-04-18,1292.891395892673,-2242.102899407656,5081.835651765986,2514.538
2019-04-19,1193.1537958103388,-2611.2044657834163,5116.857553244979,1414.132
2019-04-21,717.8846318335617,-3230.193897088556,4349.252920649986,271.616
2019-04-22,1201.142116562522,-2821.8306131910517,4946.045314480561,1765.4650000000001
2019-04-23,1240.7429777336336,-2450.225498217814,4894.357578281538,720.368
2019-04-24,1162.4276866362725,-2735.9239627463394,4902.9952287690185,1607.1
2019-04-25,1071.0848839345435,-2757.7285567678937,4745.810516550302,108.42
2019-04-26,990.9024370829338,-2668.239886094796,4700.169691739912,434.646
2019-04-28,568.9095785786759,-3204.7692393297066,4192.497070384591,486.672
2019-04-30,1160.6090272504853,-2405.1316537777548,5258.771071346857,142.208
2019-05-01,1120.913680855305,-2428.0799896083468,4926.405595946519,517.866
2019-05-02,1069.9567858403532,-2810.630903418348,4889.849701024061,1098.136
2019-05-03,1031.0860664561949,-2466.9274845867726,4736.766385363804,1099.013
2019-05-05,691.0292010013354,-2928.7859643457714,4364.370593348606,2701.28
2019-05-06,1245.9741705514568,-2754.157993078915,5213.248151634449,236.96
2019-05-07,1358.0822742971468,-2244.334216854078,5143.767926645922,4835.976
2019-05-08,1351.6267340455424,-2488.0318165119384,5221.464151442428,1340.2440000000001
2019-05-09,1330.041227782977,-2306.3085326944083,5212.6350033276785,1283.512
2019-05-10,1316.1082042138828,-2541.66204316197,5210.761616440992,763.0200000000001
2019-05-11,-115.35018841939609,-3908.902420153816,3708.899610012251,5.98
2019-05-12,1010.9273189544316,-2818.648434531953,4740.346939676277,918.878
2019-05-14,1691.269024276617,-2014.0122403381251,5543.482071840625,455.93
2019-05-15,1683.2520865521496,-1931.1534512063974,5399.361097669066,648.9119999999999
2019-05-16,1654.8313949368267,-2160.2036972444143,5349.1571118161155,880.4599999999999
2019-05-17,1629.086635002446,-2367.161447855396,5269.551912285729,346.922
2019-05-18,181.24498672436084,-3390.3052749102444,3666.7257521584133,122.22
2019-05-19,1287.0673237907645,-2169.9585286023307,4934.523569926813,1582.008
2019-05-20,1827.461167416444,-1800.6889282875798,5597.09182177585,2471.913
2019-05-21,1916.659323568809,-1570.4827568805754,5435.650488618242,2718.2140000000004
2019-05-22,1879.6717809733013,-1851.767685143167,5468.401163031781,1799.2
2019-05-23,1820.81852698874,-1755.133565774216,5569.630551970644,4560.978
2019-05-24,1763.8909927508146,-1933.3026427986676,5398.7804374374855,277.756
2019-05-25,284.8134538254433,-3252.6071453307177,4209.719792306643,1311.97
2019-05-26,1360.0111609563012,-2253.8965122534387,5007.172950723112,1975.356
2019-05-27,2639.10294184934,-1057.8059320750385,6192.184511895807,5305.078
2019-05-28,1932.5838711438423,-1905.5792911753128,5612.388043607305,2137.324
2019-05-29,1870.2273051814573,-2248.1174067888924,5617.478903233946,1063.185
2019-05-30,1788.6453474939776,-1670.4664359360202,5550.372904861844,8090.578
2019-05-31,1711.9245734919239,-1831.8472451489597,5606.275401698473,438.85900000000004
2019-06-02,1277.9578328758143,-2492.8083697241564,4878.443196766839,157.844
2019-06-03,1778.762354135012,-1786.3894242683023,5347.655162316798,71.088
2019-06-04,1833.2958841086158,-1799.039364723768,5539.294759976075,2316.5229999999997
2019-06-05,1766.869856325273,-1687.738535164917,5607.341854838839,659.82
2019-06-06,1683.9444905768764,-2204.214863243767,5513.215703235254,6026.312
2019-06-07,1608.2946971974902,-2012.4710016811364,5455.151539307644,51.562
2019-06-09,1182.2275999499543,-2323.555343792428,4856.070157247521,1688.4720000000002
2019-06-10,1689.0412756275884,-1853.607784466886,5406.84775670527,1412.3960000000002
2019-06-11,1750.388658329788,-1969.0011707738497,5594.99504449082,1623.416
2019-06-12,1691.1603673223433,-1971.1750525654893,5499.507857621289,2962.563
2019-06-13,1615.4164904118616,-2062.0849467710946,5320.362178612502,430.43800000000005
2019-06-14,1546.5648136161005,-2488.9625891819387,5220.112441211303,3457.099
2019-06-15,60.04187620724679,-3677.380727349156,4014.672435974109,173.488
2019-06-16,1131.7029119897618,-2447.6157775401352,5275.175712827655,147.27499999999998
2019-06-17,1642.441403812193,-1845.2314727656767,5371.932817582574,3000.92
2019-06-18,1706.3768466267538,-1977.5982055707034,5406.706895755657,541.938
2019-06-19,1648.317900734057,-2013.074949553034,5091.611458527481,17.12
2019-06-20,1572.3081485922444,-1833.4766225778155,5360.45757191457,1229.548
2019-06-21,1501.8016898642688,-2557.684832883835,5543.083990656897,577.108
2019-06-23,1079.9321922012098,-2709.769435752763,4971.554940444115,2475.094
2019-06-24,1585.6721124601308,-2259.7770285297674,5074.7681997669715,5310.952
2019-06-25,1643.9104936218682,-1838.4166897023313,5282.175439312175,893.266
2019-06-26,1579.7104239662817,-2245.7150346006797,5174.891232117294,1919.6000000000001
2019-06-27,1497.3813215048526,-2476.4257891460593,5484.388409434919,778.7059999999999
2019-06-28,1420.6432015606724,-2032.2882590040037,5170.712009456953,877.156
2019-06-29,-74.70810907958116,-3731.9936937471284,3647.852016960664,191.88
2019-06-30,987.5718669178871,-2454.6625796558624,4631.12510720536,1352.9499999999998
2019-07-01,1488.7780994520294,-2147.1473998874603,5056.837056527295,1724.376
2019-07-02,1543.4261542431366,-1797.0116833102613,5305.9884545618825,772.786
2019-07-03,1476.6983906468377,-2403.2252276604295,5176.479698183531,847.6999999999999
2019-07-04,1531.9906069848273,-2019.5113490107462,5250.170072867584,1651.301
2019-07-07,885.6954786639159,-2899.893113126571,4727.646908747268,3882.2309999999998
2019-07-08,1389.7066061022101,-2362.6381518326143,5254.245886635728,2616.512
2019-07-09,1447.889113234579,-2544.615578423832,5038.824699577305,573.286
2019-07-10,1385.2205753902813,-2117.4488996719638,5287.005470289081,895.895
2019-07-12,1233.2756892013874,-2607.670717009174,4874.692165766422,95.76
2019-07-14,810.9722302728959,-2787.7728722746197,4670.752498083531,2149.96
2019-07-15,1318.1092855165323,-2622.8866152543783,5427.724079716978,380.2
2019-07-16,1378.5737120159895,-2331.349855880943,5282.644511781499,910.17
2019-07-17,1317.1921649324088,-2735.8203750009716,4975.060528329555,2184.88
2019-07-18,1238.0121865495114,-2234.7336821792596,5062.924549070708,2891.858
2019-07-19,1164.481281601983,-2607.138345111977,4921.004714213552,1536.454
2019-07-20,-327.8720055456124,-3944.228187000152,3637.852350390737,89.95
2019-07-21,736.9510577246322,-2995.943613631924,4328.105183568971,991.095
2019-07-22,1240.037356856085,-2668.5727479114275,4971.905061118548,1368.048
2019-07-23,1295.747332184843,-2412.0018086143255,5105.898749243893,654.587
2019-07-24,1229.1750338539648,-2409.1260154209644,4891.1443435551,326.964
2019-07-25,1144.690084201186,-2561.7804397664895,4747.811616989999,5920.488
2019-07-28,630.8902286744592,-2920.9932426510736,4404.0053193409,2033.374
2019-07-29,1132.2134453162512,-2666.896072898136,4859.98430368531,819.154
2019-07-30,1188.1382642203776,-2316.144510894844,4914.078403110318,1770.7759999999998
2019-07-31,1124.1858600014357,-2170.2537085135928,5074.824750285333,2174.1580000000004
2019-08-01,1045.123109603833,-2570.133354737036,4814.598144290242,1124.648
2019-08-02,975.1197004164081,-2673.9879852785034,4746.2389147637505,482.584
2019-08-03,-509.59388889091815,-4353.138074292732,3164.682084886269,248.82
2019-08-04,567.6392318580545,-3292.170407909199,4410.9868772694945,497.90999999999997
2019-08-05,1088.4970920616126,-2453.443994716601,4839.831293231633,197.05
2019-08-06,1167.8420446922182,-2530.53077954008,5083.69089735778,320.38800000000003
2019-08-07,1131.1603315950028,-2657.989654056779,4969.526123636817,179.97
2019-08-08,1083.0859519750238,-2735.5537825795486,4622.290668704811,1115.204
2019-08-09,1047.5567232219262,-2762.0405326800824,4624.810798730849,661.3539999999999
2019-08-11,718.0724323728077,-3005.13626715673,4613.136632573196,151.82
2019-08-12,1281.5223069139251,-2614.019733392988,4985.468671005168,3951.9605
2019-08-13,1405.1017288572896,-2211.2361069038325,5107.452541953545,731.524
2019-08-14,1413.6482624233954,-2313.8188883300104,5055.595579438544,923.688
2019-08-15,1411.0964885613125,-2171.669128910281,5031.256253194349,1680.2659999999998
2019-08-16,1420.649389491677,-1933.1557794301234,5209.9771508524045,204.54000000000002
2019-08-17,17.454502081284318,-4105.114758217384,3515.7614699566725,15.712
2019-08-18,1176.9911553227507,-2676.5247429044657,4960.27644296374,496.114
2019-08-19,1779.6897038655006,-1961.1095890687707,5467.103161757413,448.792
2019-08-20,1939.121461595324,-1433.5370870346885,5884.997584595922,14.78
2019-08-21,1979.4665446155732,-1709.4783283384033,5451.005060336375,4798.2919999999995
2019-08-22,2004.0667822823798,-1691.7213851545973,5667.590703144213,405.35
2019-08-23,2035.610794877918,-1874.3098604782288,5735.2957666529755,4187.348
2019-08-26,2425.9207979770626,-1421.7601197806657,6077.261156809973,4874.298
2019-08-27,2583.4840137256188,-1115.220006587932,6032.997506690062,767.9110000000001
2019-08-28,2615.728129175169,-862.1102771891026,6532.355944207073,322.0248
2019-08-29,2626.108996594744,-980.7945344339859,6405.345801020113,632.188
2019-08-30,2637.5351236762826,-1384.419917067531,6708.288564179011,1656.8700000000001
2019-08-31,1225.0485830776258,-2802.3683176501627,4875.334724938062,23.968
2019-09-01,2364.21230869012,-1618.4277338267425,6157.711105560621,5766.152
2019-09-02,5178.79181109582,1300.2669870962313,9023.82738983398,6792.193
2019-09-03,3053.6006822305735,-658.9231806244202,6768.570472165721,2365.596
2019-09-04,3042.6259527012835,-861.1819900820731,6898.475598298221,4532.0419999999995
2019-09-05,3006.8933190242115,-705.6826067539018,6744.575241164814,5226.348
2019-09-06,2969.967448252961,-589.1572519250121,6555.873726362319,1313.536
2019-09-08,2595.852004778569,-1168.2573042882686,6551.35734080426,4493.9836000000005
2019-09-09,3116.193628017535,-520.0859291264571,6940.036321508102,84.992
2019-09-10,3183.172782621894,-494.5748467796881,6674.573306773521,2094.324
2019-09-11,3122.1083048189703,-516.8946973049229,6755.364928517763,6501.586
2019-09-12,3037.566885411937,-734.6079617858276,6942.69146484325,2043.792
2019-09-13,2953.521191772398,-828.5060844157327,6476.865886585331,2374.73
2019-09-14,1446.0106447870423,-2098.7100490040884,5080.172048532648,1137.338
2019-09-15,2491.511617684232,-1249.9283602990436,6105.554791558755,2101.1820000000002
2019-09-16,2971.53845270095,-735.6824439306729,7039.087948559846,425.88599999999997
2019-09-17,3000.814500621239,-471.52973219158775,6825.600022473423,2043.126
2019-09-18,2904.7208951979674,-597.7969857784365,6624.989757373069,4751.082
2019-09-19,2787.830709634285,-1030.0606165514153,6535.76352671741,3839.312
2019-09-20,2674.076053395894,-1096.119661854977,6464.797940560817,1232.004
2019-09-22,2160.2337198095747,-1673.5456102111311,6023.725882603664,615.57
2019-09-23,2617.917717786332,-1250.0296921230108,6235.850056544587,1322.145
2019-09-24,2627.076022108373,-1089.020461115928,6515.537190847908,2286.05
2019-09-25,2512.9804789142822,-1372.2046808995271,6428.893350187964,3443.091
2019-09-26,2380.1144204723005,-1401.833750112766,6176.84755742529,2698.1665
2019-09-27,2252.3488329350585,-1532.9353166817255,5828.06538321928,1992.9858
2019-09-28,705.6208379868572,-3016.0944515798365,4535.60289100777,99.136
2019-09-29,1716.3205348474403,-2235.0372786106495,5441.300725738742,1307.792
2019-09-30,2165.9069158071316,-1283.2665664257208,6056.424066168008,525.884
2019-10-01,2169.091439172454,-1571.8909532512398,5897.267819516326,781.414
2019-10-02,2051.2964335912143,-1665.2983851913273,5784.08606304333,1452.972
2019-10-03,1917.1955456435405,-1894.9972217614256,5736.659354861904,1680.696
2019-10-04,1790.8834721992014,-2164.5639857972537,5824.538562373159,5912.782
2019-10-06,1266.8354561647297,-2403.0250745479525,5172.502916243521,830.4000000000001
2019-10-07,1727.4762410792052,-2030.5086808229348,5654.735202646937,973.712
2019-10-08,1745.4333985657825,-2119.33207661965,5534.309789474464,561.5360000000001
2019-10-09,1646.3578862999059,-2162.567464850898,5668.0127464725565,546.92
2019-10-10,1535.112633780704,-2033.2171906154401,5188.766380836003,282.75300000000004
2019-10-11,1435.9283539675675,-2577.674682291282,5403.507205779613,33.064
2019-10-13,979.1528658415048,-2823.0725541962206,4940.829914106356,1650.618
2019-10-14,4239.030603957373,527.8566361359863,7999.389740593183,3335.888
2019-10-15,1541.8748844343168,-2100.8886613379746,5402.590542747049,1620.15
2019-10-16,1490.634959484673,-2235.9952538735774,5241.532212991037,142.182
2019-10-17,1430.5806067018825,-2031.6537018317845,5037.724171695148,2953.346
2019-10-18,1385.4447124149378,-2144.0190311298147,5081.224459135535,307.92
2019-10-20,1042.8676588587018,-2701.6171067096293,4985.0103971496255,946.174
2019-10-21,1602.249375220636,-2235.1600525905487,5123.205293179892,7951.592
2019-10-22,1722.976699804393,-1889.1400353480578,5638.610406081844,188.28
2019-10-23,1729.5307793266297,-2147.0177906687177,5294.191296334624,467.42199999999997
2019-10-24,1725.4728946612986,-1816.7265410065552,5421.190800886298,1365.498
2019-10-25,1733.622372596827,-1912.3093099706903,5306.695068815355,783.96
2019-10-27,1485.9238637168353,-1955.5418119813899,5027.772368262525,978.7900000000001
2019-10-28,2085.236357435602,-1303.7130301847865,5689.949843393958,2899.0209999999997
2019-10-29,2239.9043501862066,-1635.0610575550809,5866.696599798061,131.154
2019-10-30,2273.796119205296,-1540.7058270333262,6015.875150154896,159.002
2019-10-31,2289.9840642549407,-1510.7366828965673,6262.003523527911,3750.4990000000003
2019-11-01,2310.939388925214,-1197.0715791025273,6217.8659261085095,453.374
2019-11-03,2065.921892861658,-1547.899480750336,5726.292718814954,3802.7960000000003
2019-11-04,2655.2208086505443,-1098.1252511472997,6554.3124524253835,3888.8179999999998
2019-11-05,2792.665091282905,-880.5174634311884,6387.028921241317,4266.8988
2019-11-06,2802.6039194007626,-965.1032332295157,6475.593700079557,773.2560000000001
2019-11-07,2788.873854175666,-962.0787866830441,6471.651204851711,3810.464
2019-11-08,2774.613898507184,-846.4500857811323,6739.318285340935,993.9000000000001
2019-11-09,1335.3132835117667,-2479.182416398492,4897.51465226289,479.97
2019-11-10,2447.073624940057,-1155.0157185720093,6372.2844788804805,4723.478
2019-11-11,3159.089543143471,-384.57883774541034,6893.075803697867,4944.296
2019-11-12,3082.4668661083665,-735.8672876949144,6835.255960933629,4914.938
2019-11-13,3046.3777207666144,-758.9610580886259,6992.735941029623,2945.138
2019-11-14,2987.873845911635,-757.1134249020687,6730.546767728745,2774.0620000000004
2019-11-15,2931.3921982636975,-697.3763996115634,6550.61222923731,2145.718
2019-11-16,1453.5324953736172,-2172.82042399344,5195.483234303487,36.72
2019-11-17,2531.4109002661867,-1170.700349731744,6259.769525991994,142.684
2019-11-18,3047.24052623398,-559.3009752964988,6621.294641377712,3958.9320000000002
2019-11-19,3116.478427210222,-501.8406543237047,6598.843818492374,638.462
2019-11-20,3065.247376794642,-645.449490468284,7484.335797045773,3070.333
2019-11-21,2998.840791854538,-884.7707486529858,6586.6533849398475,1176.891
2019-11-22,2941.859167575757,-735.1769248411252,6564.0178007647455,317.044
2019-11-23,1470.849947195331,-2352.2356700559126,5562.611695773862,100.61599999999999
2019-11-24,2562.6581255461992,-1100.142435682769,6419.304688098424,6394.5380000000005
2019-11-25,3099.009512474321,-777.5649965173778,6604.829474072735,7978.551
2019-11-26,3194.666376236406,-118.87687639956616,7109.393777759166,8329.743
2019-11-27,3174.8782025381415,-502.60121361352435,6528.481950347228,1651.239
2019-11-28,3856.1542662385255,-202.1491726039167,7670.76855834288,3428.372
2019-11-29,3125.012274427199,-462.55751970040285,6716.307095422067,300.592
2019-11-30,1693.5462524240418,-2171.5842020039618,5554.266691168009,970.142
2019-12-01,2824.8976369060447,-1045.0814207127767,6566.014784416477,6365.455
2019-12-02,3399.331467643575,-554.079730807245,7090.475598081993,1984.616
2019-12-03,3530.139289554196,-617.1458113242145,7366.755896769301,5269.816
2019-12-04,3541.115038844857,24.866295535936754,7466.832341152841,944.2860000000001
2019-12-05,3535.1196726796124,-216.9756845524465,7215.0951314976965,4267.004
2019-12-06,3534.281432188438,-196.62539515257092,7535.424194966627,3878.276
2019-12-08,3244.8744605836546,-350.2151644898322,6758.015623142303,3709.095
2019-12-09,3810.332256927951,-54.21875809580556,7593.132029600904,1855.483
2019-12-10,3921.8687040789296,-1.7027636546107947,7538.551143477555,3459.71
2019-12-11,3903.0319168543874,133.12902502017212,7820.58555421716,6102.25
2019-12-12,3856.7025696815444,215.7490585626013,7581.8640073915685,1981.115
2019-12-13,3805.300607563454,101.63088815266676,7576.92804182122,1194.088
2019-12-14,2323.4909822355453,-1333.3661540328085,6372.490894754323,828.654
2019-12-15,3386.59389894011,-339.19765291426165,7222.705807684646,2637.087
2019-12-16,3875.2198175560975,-92.37996373166342,7719.829697707543,628.5419999999999
2019-12-17,3903.4674239897354,28.081715215733837,7554.666680202732,4185.134
2019-12-18,3796.39148645921,167.48194234587123,7392.911800343267,7051.35
2019-12-19,3659.3416100058957,153.70812213121,7615.038800580828,815.1120000000001
2019-12-20,3515.7493622378543,-468.6239679209809,7175.593108563879,134.54
2019-12-22,2915.875074202947,-966.910836042352,6676.396505239084,1043.128
2019-12-23,3319.3992537474955,-396.42000888686493,7125.784889836403,5065.857
2019-12-24,3268.7330444597765,-399.602259345497,7039.6762121358715,1938.26
2019-12-25,7816.186766527648,4066.246971807677,11533.256791581236,7488.055
2019-12-26,2891.577301842809,-691.9766370853214,6720.840003925496,1829.418
2019-12-27,2696.9902026795935,-1224.0043195233043,6428.818674918886,959.49
2019-12-29,2033.1750437380203,-1549.6044568800328,5805.17728423892,1277.68
2019-12-30,2425.4665013452795,-1712.8764951479445,6791.22088513352,773.774
2019-12-31,2378.04799872055,-1265.3041882625494,6062.254645134507,731.768
2020-01-01,1562.3163512935712,-2390.351175674411,5524.0760538123795,2162.828
2020-01-02,2050.9211049435803,-1705.4720336513117,5976.96124039806,2632.554
2020-01-03,1902.3652309873441,-1769.217147745416,5383.964034707429,2319.272
2020-01-06,1842.1012773215657,-1784.2074414353426,5543.468774381729,147.74
2020-01-07,1884.8681505309041,-2264.014169787441,5561.641670727814,3742.5899999999997
2020-01-08,1821.8812995964431,-1873.7104009435477,5564.015122791162,930.98
2020-01-09,1757.1479834421864,-2137.8735411733896,5437.411944374704,311.491
2020-01-12,1390.2737301187758,-2292.591325257743,4989.285016380175,1190.52
2020-01-13,1964.921600038663,-1825.1043593683437,5585.171476815732,4833.33
2020-01-14,2103.394251331316,-1951.3464658982923,5782.290962688993,2513.038
2020-01-15,2128.650152563585,-1693.470540415134,5516.3593590433,2802.28
2020-01-16,2142.9721204174652,-1592.4959771228112,5743.784421137587,6542.292
2020-01-19,1944.3732608591665,-1975.0706255352884,5333.570907459675,2616.715
2020-01-20,1701.4872258263592,-2077.553018431272,5510.993689333376,1199.838
2020-01-21,2703.1027691599365,-837.8098411349865,6367.1870990661455,3198.643
2020-01-22,2730.0775020574556,-845.8735417118565,6642.9888802716905,4656.371999999999
2020-01-23,2732.4174681308787,-871.0071197844505,6468.24551758831,965.3340000000001
2020-01-24,2732.2750741492637,-966.6820343996586,6372.577413838413,691.6659999999999
2020-01-26,2423.000659420653,-1145.9563135161045,6027.763365371741,3524.2799999999997
2020-01-27,2969.4552974139488,-861.0916672104677,6543.236022673663,573.914
2020-01-28,3057.415967701092,-542.3976763181238,6638.863432915719,1184.52
2020-01-29,3011.808090007172,-753.4497189527848,6796.34947498459,1193.842
2020-01-30,2937.0558963879193,-787.0823717385001,6626.68134142577,4829.335
2020-02-02,2388.654013350925,-1405.8687567253364,6108.3731676630805,5652.354
2020-02-03,2859.2475264495306,-913.8485550463383,6635.971493979174,5458.327
2020-02-04,2876.232431408609,-789.376010412937,6600.1466178463115,138.67
2020-02-05,2766.1162725558424,-582.8418503512587,6442.065737932507,4573.012
2020-02-06,2634.714159268148,-1305.8789927646033,6308.351799831229,1155.354
2020-02-09,1973.9588773865783,-1665.3333458363604,5562.982925262583,3201.764
2020-02-10,2428.4891036037984,-1460.9936695776541,5907.888584625467,2185.103
2020-02-11,2440.596388765765,-1284.221652770397,6512.124044957755,3054.516
2020-02-13,2221.7059898991592,-1392.589281894518,6155.5390058451785,2351.4300000000003
2020-02-16,1665.8266998901115,-1918.0801990080338,5441.229374002445,2731.442
2020-02-17,3205.8947052214135,-443.67922485287664,6918.000332068644,3714.8174
2020-02-18,2237.0067670565904,-1431.4918339769629,6084.804937136075,429.326
2020-02-19,2191.4729190949106,-1434.096532004163,5938.84689257845,2336.59
2020-02-20,2137.3359514723666,-1404.1809270983554,6081.579218354039,4718.29
2020-02-21,2097.634221074306,-1664.589245741832,6226.217980622014,973.904
2020-02-23,1761.4547446829247,-2103.1531159997608,5504.028751248236,1632.8
2020-02-24,2320.2655644142133,-1469.542504784259,6248.0208316035405,1619.676
2020-02-25,2436.9351734751613,-1603.6990394524857,6296.51536287542,1006.492
2020-02-26,2435.2977733062544,-1190.0386278560054,6201.133588287087,3270.646
2020-02-28,2408.5424364797636,-1255.9666215573432,6133.57883394483,1863.62
2020-03-02,2673.6135462417287,-1186.1348602571181,6277.104031191121,2116.126
2020-03-03,2788.708408671267,-904.6679500067303,6555.251583813595,2277.1040000000003
2020-03-04,2778.1527813594944,-901.5845049902213,6518.729383905193,715.822
2020-03-05,2745.5492205283917,-840.2586130550442,6534.8088179914985,1817.0200000000002
2020-03-06,2714.0383993910177,-985.0806435001095,6653.891825309363,1631.2359999999999
2020-03-07,1258.9758226213555,-2346.0692664316966,4889.5507649480205,374.59000000000003
2020-03-08,2356.3122442962645,-1166.8998643189846,6045.878586345282,1055.1000000000001
2020-03-09,2887.45660840754,-732.7001280893821,6421.314329952026,869.8040000000001
2020-03-10,2966.6726437178672,-482.82094166345667,6369.4067741924655,1952.952
2020-03-11,2919.293125967769,-551.882758218707,6733.238797793704,2386.708
2020-03-12,2849.9836708783496,-808.4971313347393,6611.61630707684,499.28
2020-03-13,2782.8921894256687,-983.5316761187436,6589.054182626436,6049.35
2020-03-14,1294.2980837020925,-2439.8183338695203,5107.492818447546,121.616
2020-03-16,2864.7422348817413,-1024.8324930111837,6435.198287165535,2945.381
2020-03-17,2920.684738928901,-751.9451428925528,6716.91403682822,1633.746
2020-03-18,2854.516257883603,-585.4916287883433,6784.77179137943,1726.758
2020-03-19,2771.127566178608,-819.8918468857994,6387.926517627462,2996.248
2020-03-20,2694.727716137444,-1070.046464630893,6397.309585399811,1289.568
2020-03-21,1201.4966824568423,-2483.57473929184,5330.340693677708,4235.636
2020-03-23,2775.534540991498,-890.6970077754747,6312.05519986137,4740.068
2020-03-24,2838.8017582486978,-644.188278929801,6504.888154871686,1628.298
2020-03-25,2782.8542961807,-959.7910460548218,6518.363477891024,4251.026
2020-03-26,2711.8853342466264,-923.0176504068073,6280.837829547668,3830.88
2020-03-27,2649.3510146271656,-1283.2486976250464,6235.998781183572,3855.516
2020-03-28,1170.6491691389867,-2609.270121985425,4790.867815366554,2153.702
2020-03-29,2251.5101441480087,-1324.0055958684827,6254.057002173982,163.4
2020-03-30,2772.6204236318463,-867.8036577863082,6674.998552715925,1021.407
2020-03-31,2847.8175187674483,-1154.0837381035572,6581.281247536161,5891.0108
2020-04-01,2801.67851736092,-1035.2844277782706,6188.200198809279,6741.988
2020-04-02,2737.732013722821,-1043.5793387377857,6725.343296483177,1189.97
2020-04-03,2678.994617533998,-1130.9460673005829,6285.016425195839,192.528
2020-04-04,1200.5480534776336,-2535.4046344430553,4959.058259705051,1162.47
2020-04-06,2791.812235456448,-916.1952328319105,6632.86303144123,261.41999999999996
2020-04-07,2856.0987784357562,-790.9618096135735,6218.416438163748,2278.2905
2020-04-08,2795.4937578971685,-1172.352971704062,6643.073461357018,6749.929999999999
2020-04-09,2714.003284208782,-884.6734363140449,6529.796342692618,2484.71
2020-04-10,2635.124085109204,-942.3083345172546,6129.529966192951,1470.529
2020-04-11,1134.5211001686284,-2751.595420157704,4713.0004530804745,928.806
2020-04-12,2188.410068964162,-1352.2177666285684,6174.970438910666,306.65999999999997
2020-04-13,2678.1661295600597,-1128.6964651899912,6325.83387166292,1585.8239999999998
2020-04-14,2718.497409836101,-1063.7860477462798,6354.520481485161,1199.9299999999998
2020-04-15,2634.891264577176,-1232.3147871856315,6162.053692496975,744.338
2020-04-16,2532.140911144081,-1443.5282263583706,6160.205222343427,1705.4289999999999
2020-04-17,2434.5002890273304,-1167.7862447298414,6191.847466072821,4474.459
2020-04-20,2442.900162366912,-1345.0110261338784,6103.9416912353345,2905.24
2020-04-21,2480.6690316628265,-1188.6207785020827,6334.052074099678,1785.564
2020-04-22,2399.5982113136106,-1273.7463067476265,6168.378240508785,1063.692
2020-04-23,2304.650791708001,-1535.094274313571,6052.357385436309,2229.2219999999998
2020-04-24,2220.161403359054,-1460.8618948911853,5941.158946793287,1499.558
2020-04-25,722.3404102615023,-3174.549665189481,4746.364963454592,1284.113
2020-04-26,1787.7858638644361,-2161.937603746271,5566.237073923935,335.608
2020-04-27,2298.0295151523896,-1579.2152451252143,5908.48693721613,998.5756
2020-04-28,2367.703831600951,-1380.9759773505223,5984.284346135387,1141.296
2020-04-29,2321.988296624949,-1717.5192763427326,6159.686579836466,1195.26
2020-04-30,2265.1426990454106,-1815.8183745204415,5668.972069696794,2892.126
2020-05-01,2220.6750012781713,-1733.0257358873823,6224.783476031767,5415.37
2020-05-02,764.0148229729102,-3196.280296506037,4316.6195944788105,738.11
2020-05-03,1870.898869728533,-1899.734815719434,5635.185063980561,2167.346
2020-05-04,2421.9892085659626,-1186.2119950829308,5950.001504517951,2172.405
2020-05-05,2531.0630612200634,-819.6136407797105,5912.884338766066,784.123
2020-05-06,2522.481270687007,-1765.0710311768407,6328.50062535194,3890.3698
2020-05-07,2499.742527523935,-1486.3582359692914,6093.893659018449,2945.468
2020-05-08,2485.670366877433,-874.2605357016241,6303.066969514919,3986.554
2020-05-09,1055.103454984392,-2675.6138942726398,4977.031521378086,1338.222
2020-05-11,2750.542186649392,-1033.9031175927034,6407.4660781824805,1113.469
2020-05-12,2870.3829765956257,-876.8332748877594,6558.135691988878,1890.384
2020-05-13,2867.0690472697006,-1038.370376284718,6613.080951447378,3480.378
2020-05-14,2844.120122357821,-726.1628669504374,6759.104827223495,5737.062
2020-05-15,2824.5078213432525,-1197.728859052402,6556.604418399145,1167.264
2020-05-16,1383.3811183583266,-2392.556633603841,5342.914830144909,237.024
2020-05-18,3044.1309942654275,-801.1220172166732,6729.179011105962,3157.508
2020-05-19,3140.8805131754093,-732.3836506020943,6982.271330415522,5961.182
2020-05-20,3111.457568761938,-369.2670607126099,6961.951142215532,3881.578
2020-05-21,3060.056426721882,-355.41164979893335,6683.31762663584,636.02
2020-05-22,3010.3519421729134,-951.3971096222735,6936.446617332733,921.5619999999999
2020-05-23,1538.1637748682303,-2668.4172396300846,5412.4858976479345,686.436
2020-05-25,3904.8861329477454,148.2373637686471,7663.870394573619,1342.026
2020-05-26,3203.7801116580613,-733.9570664320322,7073.386010380198,583.24
2020-05-27,3146.244190343396,-505.4087364279671,6822.616921837306,2869.908
2020-05-28,3068.871117542774,-630.7032510816603,6733.708008682028,2097.103
2020-05-29,2995.7464458574286,-417.5915654675622,6656.556294320976,3338.1079999999997
2020-05-30,1503.0087813957546,-2118.1109583350185,5464.303284585479,4211.890399999999
2020-06-01,3069.9392549055588,-890.9255975479967,7005.664860439292,5836.362
2020-06-02,3125.9343132118947,-835.4494091117546,6637.148935536686,742.7059999999999
2020-06-03,3060.5809795722803,-727.4381320193022,7017.879472235579,4053.036
2020-06-04,2978.415413444836,-1246.6437171837836,6720.0127580315875,1034.414
2020-06-05,2903.2927687210504,-690.4901319839986,6346.622972710343,639.112
2020-06-06,1411.0547048393828,-2614.014557862588,4905.497889564661,226.35000000000002
2020-06-08,2985.033483218983,-685.9645705036045,7012.799317729321,3109.038
2020-06-09,3046.771049266024,-853.5601846489844,6688.852337479601,1295.133
2020-06-10,2988.0717903164777,-594.2404387484268,7035.7246024538,3462.343
2020-06-11,2913.0479588865132,-561.8744456199897,6762.542430447829,2476.894
2020-06-12,2845.1481963918895,-976.6982899922727,6325.478791364309,2450.968
2020-06-13,1359.8377116223332,-2159.1002828097044,5034.040475806645,1381.018
2020-06-15,2945.495420698439,-965.0380903562692,6577.740374246422,4931.51
2020-06-16,3011.4714501699036,-602.1050290391464,6847.070872237949,3671.194
2020-06-17,2955.704706186762,-942.4973831929248,6906.788915259402,4601.6720000000005
2020-06-18,2882.208975070208,-731.1034939201903,6577.496784333044,1228.1554999999998
2020-06-19,2814.4001884100867,-1044.132571007726,6557.718248005811,3133.941
2020-06-20,1327.7745319408918,-2139.466782049939,4995.008394967741,1691.228
2020-06-21,2398.293695316354,-1103.335225818108,6053.482563609135,966.656
2020-06-22,2906.9981952832154,-1050.4214039262868,6780.049104390824,1102.019
2020-06-24,2906.8752799901526,-876.1211340313776,6813.695652842724,1853.614
2020-06-25,2827.3247700966044,-1135.954385205484,6684.496926622278,1854.3519999999999
2020-06-26,2753.216070842588,-1131.7495882887968,6233.318138679472,4934.136
2020-06-27,1260.3123174380698,-2528.9211085425127,5061.04173185823,1941.906
2020-06-29,2828.061160073315,-769.150132914254,6661.682277184912,5414.9912
2020-06-30,2884.505089427937,-836.125422073915,6896.822777574827,5209.977
2020-07-01,2819.353551946029,-880.1051045461278,6668.361897137368,796.83
2020-07-02,2737.0011532491562,-1390.72586371819,6361.905132117337,320.192
2020-07-03,6407.558681515487,2852.862535304946,10207.83501682948,8148.4039999999995
2020-07-05,2232.8958086914126,-1573.0458618989373,5678.38259566655,927.354
2020-07-06,2737.77940656347,-1409.5964350561655,6703.443559938142,642.3779999999999
2020-07-07,2796.817585932647,-892.3423333832486,6601.921275802331,2269.25
2020-07-08,2735.036181475242,-1175.0003647662993,6558.7574773404285,3374.264
2020-07-09,2656.6325329233837,-1281.017503706063,6433.144862746932,2114.214
2020-07-10,2585.1452321329975,-923.3925967121071,6409.231719121026,570.2139999999999
2020-07-11,1096.1277620640471,-2413.992723702745,4893.545414415834,2179.8920000000003
2020-07-12,2165.5324027148044,-1700.572714249906,5936.821163486727,89.816
2020-07-13,2674.325384415849,-1232.04827337815,6359.620939920683,699.5419999999999
2020-07-14,2736.672067494319,-919.8784979489475,6662.711222159261,4349.934
2020-07-15,2677.399437450818,-818.3026239399318,6409.2998880049245,2836.2290000000003
2020-07-16,2600.5431567379055,-1027.7559482449606,6399.404088708768,497.63599999999997
2020-07-17,2529.526355108659,-1250.106372715713,6127.5753989101695,2714.873
2020-07-18,1039.8408598362323,-2729.4118255008793,4897.809553359385,2559.794
2020-07-20,2613.342306135678,-1388.3304737386086,6453.0587654220735,3040.208
2020-07-21,2671.848945407006,-1141.4992368956464,6072.357022977373,5170.9439999999995
2020-07-22,2607.975000151384,-1169.4761834489245,6487.658665557616,674.3140000000001
2020-07-23,2526.008864717875,-1184.9690016819154,6292.851077255807,1665.188
2020-07-24,2449.682740157956,-1404.8911863929322,6231.614401269001,2441.96
2020-07-25,954.8482931267763,-2615.9804602458157,4801.215235512081,1465.742
2020-07-26,2017.8515065607985,-1617.3485837625967,5887.711019609089,2091.302
2020-07-27,2520.1460664634797,-1279.1260517410926,6343.160151097706,1661.68
2020-07-28,2576.4658453593165,-1199.6008087859743,6392.691335556577,1443.5639999999999
2020-07-29,2512.27320325879,-1144.712369373889,6442.655361876394,2109.294
2020-07-30,2432.2888808942507,-1513.3392658483529,6261.868822845328,762.376
2020-07-31,2360.651139479951,-1384.4968847160894,6288.09734060429,2460.0280000000002
2020-08-01,873.5754097482231,-2937.104796907373,4670.7541922694245,2379.65
2020-08-03,2464.787399781262,-1608.9012459518178,6330.755019645611,1032.348
2020-08-04,2539.6761537363386,-1237.5177249549288,6104.405345167663,364.07
2020-08-05,2497.9317832004804,-1004.8479291825477,6020.336792155554,765.676
2020-08-06,2444.26410517807,-1292.4508139175487,6102.723350847347,1808.026
2020-08-07,2402.7031931211895,-1286.0131906812514,6139.116452297301,4430.624
2020-08-10,2617.073126214443,-985.9831849428833,6168.951543029551,2001.07
2020-08-11,2734.0492060577853,-1103.996626545901,6405.8954822506485,1154.7259999999999
2020-08-12,2736.1872067320746,-1146.9964799144068,6700.272321890065,4383.084
2020-08-13,2727.5631705520054,-1013.4041808999602,6543.290987752507,3669.164
2020-08-14,2731.519056183672,-1017.0089883110268,6491.647523134999,702.736
2020-08-15,1323.3356331519597,-2402.9583826882795,5037.085145309478,2123.872
2020-08-16,2478.6165854724222,-1658.5942035934954,6253.0850196029005,265.56399999999996
2020-08-17,3077.904823879665,-938.6898809783864,6652.103146844025,10593.288
2020-08-18,3234.8697924894705,-505.62558424121846,6952.333797616476,8140.484
2020-08-19,3273.7730511760437,-511.86855622484694,6972.463593648276,740.446
2020-08-20,3298.0193566828502,-488.6001130026346,6786.780814056659,1178.95
2020-08-21,3330.3403886694996,-128.77472325169006,6806.655059313615,10009.054
2020-08-22,1945.4817760694923,-2078.6615700656002,5567.186763656697,620.54
2020-08-23,3118.599438875972,-728.3685244198282,6803.558587378518,4969.344
2020-08-24,3729.8859088869644,86.91157137716094,7420.863392573128,1069.056
2020-08-25,3892.7651446782734,65.466155674095,7525.098016692973,800.988
2020-08-26,3931.362926136867,159.01585749506154,7683.666467798301,443.65999999999997
2020-08-27,3949.0599322870653,432.13995278153016,7580.995638659822,7341.5380000000005
2020-08-28,3968.6746162027243,132.46540881662025,7124.91578604758,2007.632
2020-08-29,2565.146581108479,-1262.3913819086663,6247.5594605307615,596.4680000000001
2020-08-31,4295.594186668583,600.2421873002521,8043.952913893559,3746.83
2020-09-01,4424.041412723316,639.3606113771319,8197.726815533033,1672.81
2020-09-02,4423.9305710580675,804.4108695680691,8019.528717046561,11778.854
2020-09-03,4399.233015306801,594.5990341674923,7984.54510394537,2309.849
2020-09-04,4373.396827701619,746.6014191249997,8270.774898827161,7521.202
2020-09-05,2922.014447319735,-807.5794284339718,6382.1529303925845,642.044
2020-09-07,6795.242939270725,3006.7970693172165,10887.64668377358,5328.5650000000005
2020-09-08,4629.473158554034,796.275385400185,8423.872360330852,2948.3269999999998
2020-09-09,4578.344926089694,865.6405902024026,8141.521157508695,6631.061000000001
2020-09-10,4503.308988088231,766.2960939298241,8114.733095637344,3710.646
2020-09-11,4428.302855079672,634.579420469746,8084.534507778932,7061.006
2020-09-12,2929.3439542939836,-700.5413094829968,6633.087941727298,1008.5500000000001
2020-09-13,3982.8988445627324,-103.10536202071088,7655.842288410649,130.92
2020-09-14,4470.482861092859,613.1948670672674,8140.132192197742,5467.347
2020-09-15,4506.82945304648,640.6972116180475,8067.884724651174,8923.026
2020-09-16,4417.336994440315,874.3640671300564,8167.09809327359,2010.6499999999999
2020-09-17,4306.600793125891,459.8274726588321,7980.030476966368,6093.226
2020-09-18,4198.577939471755,684.1999755078613,8068.942197848325,3049.93
2020-09-19,2669.2561175222504,-1472.9267428050637,6444.735656981726,2671.188
2020-09-20,3695.03282255191,210.0523825807053,7438.983018254362,8262.918
2020-09-21,4157.326025386519,518.1912513772729,8036.705405823108,1073.172
2020-09-22,4170.75511202222,429.18579988708365,7656.247562351697,9438.213
2020-09-23,4060.599425596026,133.77326461674147,7751.845763307686,3837.786
2020-09-24,3931.3416774981806,304.86400399486547,7591.647817896573,7989.4619999999995
2020-09-25,3806.8434228649753,335.70349715827643,7717.931133626887,2384.213
2020-09-26,2263.0233027202175,-1470.0649724561863,6076.752613730735,1983.576
2020-09-28,3727.929445702447,-105.31043782794227,7690.00795407856,1355.271
2020-09-29,3732.748378537307,204.897688672538,7561.491048155573,3466.08
2020-09-30,3616.075508556679,56.40444350254496,7557.215781286079,1053.76
2020-10-01,3482.5333400671334,-224.34733868399283,6993.208594722095,3600.4660000000003
2020-10-02,3356.164298111686,-656.0793536563175,7282.132470532615,7380.022
2020-10-03,1813.10311171918,-1715.6310936022994,5499.564998783506,3166.48
2020-10-04,2829.9557959979907,-1093.1631800814619,6401.0841990919225,136.98
2020-10-05,3288.4061915010598,-474.94661700298684,7078.6728247186975,7656.616
2020-10-06,3303.388950159961,-778.1276042038138,7217.262654063844,2278.652
2020-10-07,3200.5364981238226,-573.5787024243843,7165.151172364181,3329.21
2020-10-08,3084.70758388973,-835.9213010016999,6987.230573190157,1028.356
2020-10-09,2980.145077560145,-747.3003070838594,6588.8775581628815,2434.589
2020-10-10,1463.1343100627141,-2398.6452656567135,5430.786974997332,249.358
2020-10-12,5762.741292322025,2069.51604587117,9590.52210106799,6847.354
2020-10-13,3057.521595388094,-747.757715748082,6897.13838014794,9368.802
2020-10-14,2997.7656542863356,-870.6569468231056,6698.0878370579685,649.332
2020-10-15,2928.8674743691613,-1003.0064748391205,6728.510060728899,1589.94
2020-10-16,2874.699661023084,-902.8411674132379,6580.727760523198,3754.5969999999998
2020-10-17,1411.0748915462025,-2291.4518910101574,4947.42088877861,577.352
2020-10-19,3064.852686778152,-323.5326371611071,6591.48022441002,4151.8702
2020-10-20,3177.403309736246,-531.5538254789478,6911.687193077094,2638.858
2020-10-21,3176.4176992140333,-593.8865376378699,6801.83784162926,5937.201
2020-10-22,3165.6206181703556,-649.196568252306,6877.772521209328,5492.8769999999995
2020-10-23,3167.98436766577,-563.3533379481919,6890.316507463595,4656.394
2020-10-24,1758.4079921289056,-1907.4213641041329,5675.314429004318,669.085
2020-10-26,3509.2453090823087,-234.22251076796036,7098.30618209356,1700.868
2020-10-27,3663.1157582125315,40.317752159533576,7481.643383013997,1967.32
2020-10-28,3697.630235006192,-273.0784566469635,7767.6409157626385,1110.726
2020-10-29,3715.8725726361167,-131.013924251698,7752.5442486816955,146.96
2020-10-30,3740.2935104614135,146.73757064758655,7219.39000691983,5649.73
2020-10-31,2345.407371843301,-1556.9961960721487,6104.863103189178,726.928
2020-11-01,3506.19777237737,-147.75041118500403,7399.111455052398,3247.43
2020-11-02,4102.752763894394,554.4890686267603,7741.501056576444,8138.3859999999995
2020-11-03,4248.46766091646,478.63060202110734,7757.137772515815,6320.937
2020-11-04,4267.522363535033,397.56815632941044,8277.290595587212,6762.0960000000005
2020-11-05,4263.4400132260635,578.8984951493982,7709.2412653796855,3250.064
2020-11-06,4259.273840825945,387.99637241420055,7930.727979953116,6473.75
2020-11-07,2830.2926766723895,-1116.9051019278145,6612.094315753874,2988.378
2020-11-08,3952.3710647125986,-38.317100057781055,7706.0663078535,411.1
2020-11-09,4506.604685799426,732.4284274025633,8391.829208386398,2379.492
2020-11-10,4607.489762159827,770.9120473094922,8203.017026926882,4758.548
2020-11-11,4748.244836467105,879.6936492972924,8561.349347411433,2994.218
2020-11-12,4529.985144682026,792.5831492388086,8307.287400634352,5225.386
2020-11-13,4480.588963587126,843.4430155928917,8213.275351547114,7955.4202000000005
2020-11-14,3008.640891054728,-827.3178155768393,6969.503941356781,1554.658
2020-11-15,4091.14516466413,487.9305837459616,7807.559668841836,621.2
2020-11-16,4610.238809773326,1083.1325990238126,8446.280134716644,5804.234
2020-11-17,4681.341426859498,737.9567118392399,8551.79818276741,9676.882800000001
2020-11-18,4630.578787064285,836.7946400549962,8516.905801317747,3273.756
2020-11-19,4563.288520198535,677.8334523962768,8509.28399910944,8355.272
2020-11-20,4504.15621771895,1003.9631911678965,8286.402928153851,4110.274
2020-11-21,3029.8538587837784,-808.6730418613944,6998.200477561078,3492.1839999999997
2020-11-22,4117.387873375448,96.25050415708982,7822.714650979643,207.712
2020-11-23,4648.678813778093,677.1184109653127,8429.25619700129,2417.109
2020-11-24,4738.712429303199,1067.0881699683441,8426.24001685168,6661.641
2020-11-25,4712.970444835619,692.8143497821766,8321.78090321471,4556.157
2020-11-26,5388.240557403558,1664.2338559576804,9065.233805482234,5817.1720000000005
2020-11-27,4651.314683400182,1087.021255139677,8476.378314273901,2442.254
2020-11-28,3214.5641750650448,-324.13793695972333,7014.76975805449,3216.944
2020-11-29,4341.40346636876,590.1268790043805,7881.211710428927,532.888
2020-11-30,4912.358771774081,1028.2132057905628,8520.347296271355,7315.282
2020-12-01,5040.963648406102,1202.0628179790294,8750.13071434787,7633.178
2020-12-02,5051.2278935485565,1359.702557269219,8846.007168053005,7281.182
2020-12-03,5046.19572895443,1291.7321710483025,8885.146719979773,3044.842
2020-12-04,5048.140342406837,1320.0493010311836,8792.212169504177,3779.638
2020-12-05,3631.265257999619,-308.3950987325637,7524.47709725017,2847.136
2020-12-06,4770.118264198001,922.3989831671049,8672.355000148225,216.68
2020-12-07,5344.238177969666,1839.394675496984,9103.719211505928,4352.514
2020-12-08,5466.372483055193,1749.0823510044809,9223.867328168632,7723.041
2020-12-09,5459.972368827766,2000.4327960280768,9082.060121424318,9629.39
2020-12-10,5427.771644767106,1708.6936236126635,9269.591378803556,8156.559
2020-12-11,5391.995961418986,1381.5098117611572,9220.33398440122,9212.965
2020-12-13,5008.044281759148,1364.8251736179332,8858.829793523522,2257.936
2020-12-14,5515.212995443626,1670.8196794293092,8902.421290810857,6219.714
2020-12-15,5562.34214156822,2007.2913465865718,9242.309518628454,3059.888
2020-12-16,5474.1335176718385,1622.2353863013177,9094.4139328054,5077.702
2020-12-17,5354.780155604607,1584.2280550023227,9082.492761316747,7537.758
2020-12-18,5228.143970571468,1588.850457393064,8935.221744753138,10588.911
2020-12-19,3670.428657782791,165.77184734625368,7309.136055470302,3981.926
2020-12-20,4658.554116114444,1138.565463648751,8486.7494722761,4915.736
2020-12-21,5074.753523452893,1403.405817752561,8824.306830767317,5207.9400000000005
2020-12-22,5034.732225206636,1509.9318862893638,8597.457750238878,7820.041
2020-12-23,4865.096336132494,1133.8270932572937,8525.8547850158,7597.776
2020-12-24,4671.859121357858,756.9235450736157,8274.77914811113,8057.054
2020-12-25,9206.036854025397,5556.77358183775,12774.1334454078,9721.927
2020-12-26,2868.961541961254,-688.1529372115876,6458.489011990154,1966.594
2020-12-27,3815.251386615926,260.97175502710917,7488.069862764648,2195.636
2020-12-28,4202.738668974471,308.8778916726658,7927.973057895858,6555.3508
2020-12-29,4147.917588420662,383.0249393050275,7940.931298369146,3763.534
2020-12-30,3977.8872532639693,-125.08024009190996,7693.753126553499,2807.79
2020-12-31,3798.8429907634027,-8.915648053833761,7506.1422763559995,2975.51
2021-01-01,2980.6482609929917,-743.8960345081545,6661.887612510184,
2021-01-02,2067.2292499563564,-1331.6510774872377,5672.342793483861,
2021-01-03,3069.389737284965,-544.0824065578955,7169.929829166344,
2021-01-04,3524.9179742361966,-221.14824520320823,7400.277539373797,
2021-01-05,3548.975557908548,-234.3274480783237,7272.388703440793,
2021-01-06,3467.086280592803,-691.0875268995802,7299.728859515838,
2021-01-07,3383.6629737561725,-496.61122851782443,7106.158154229547,
2021-01-08,3322.1729626206106,-272.63896241509605,6946.138305596286,
2021-01-09,1857.8132583997874,-1971.7802582635525,5436.375405635409,
2021-01-10,2965.90181682391,-603.1892229398179,6740.288437682477,
2021-01-11,3526.505671256456,-73.34359666278668,7350.984748432867,
2021-01-12,3652.6444256897475,-117.07851124282796,7543.252389798812,
2021-01-13,3667.775988292954,-24.302942976230856,7315.559685007208,
2021-01-14,3674.371272739213,87.86598089990964,7315.198895441083,
2021-01-15,3694.124441827905,-85.75621412918903,7482.138579675764,
2021-01-16,2300.668707649228,-1486.1749444775585,6117.449665290276,
2021-01-17,3468.003012097388,-152.35999381418856,6976.717445809814,
2021-01-18,3227.7082247680078,-535.6157557418659,6991.913698287879,
2021-01-19,4234.379731372604,842.4193055823126,7719.613332430258,
2021-01-20,4268.715447010315,639.2913522062141,7914.738508914983,
2021-01-21,4280.51114147553,658.8536314556267,8264.912292251132,
2021-01-22,4291.663985946348,345.16651394565963,7991.643582041431,
2021-01-23,2876.3216884030107,-867.8246931961639,6571.375161711764,
2021-01-24,4009.2936845162817,470.0900277095475,7700.657357372032,
2021-01-25,4570.6860581137025,824.7701504582956,8374.720583979366,
2021-01-26,4674.098578100788,965.1368752963319,8276.667867385733,
2021-01-27,4644.090970892157,839.3972542336628,8540.74726675438,
2021-01-28,4584.725723773689,556.4624998036332,8485.174180936589,
2021-01-29,4519.734875401976,1080.550905840297,8371.449299666712,
2021-01-30,3025.1819783500287,-1008.5174618405676,6784.48916500509,
2021-01-31,4077.825985523659,361.2703071520303,7866.679501460512,
2021-02-01,4559.708644265406,808.6129746653593,7937.136227780366,
2021-02-02,4586.3049902429275,662.0605084155121,8233.163265764282,
2021-02-03,4483.945228951462,833.712742138378,8098.870657732912,
2021-02-04,4358.316402248883,722.3712372345675,8267.049416111577,
2021-02-05,4234.5923026247565,339.6454302221672,8326.35757372839,
2021-02-06,2690.063705652522,-835.0237352141733,6302.189268316822,
2021-02-07,3702.4764144699307,206.09010211643394,7305.344934177112,
2021-02-08,4154.599280589008,380.8861810642439,7792.812416397855,
2021-02-09,4162.362197816414,418.8167448249521,7645.553508541962,
2021-02-10,4052.272577652138,206.52134351419974,7792.785325956118,
2021-02-11,3929.9187352482622,217.7385195179912,7818.943102327693,
2021-02-12,3820.1084931283117,136.9565297529414,7613.789860888735,
2021-02-13,2299.51473642951,-1338.7541217959922,6191.967052575514,
2021-02-14,3345.0349064876814,-528.3564739137919,6873.701369454994,
2021-02-15,4874.201477131005,965.312107717178,8734.127275371626,
2021-02-16,3894.2738219693383,141.41068380963907,7631.55956203899,
2021-02-17,3837.8454469048847,498.1208630809562,7555.633621433388,
2021-02-18,3773.2300633090226,-150.25582741427323,7556.76909301101,
2021-02-19,3723.7177133904916,229.5143905868867,7559.8011801069915,
2021-02-20,2264.4452231253563,-1414.0693755001364,6102.099300985989,
2021-02-21,3370.795678352419,-471.070131575134,7072.455238356421,
2021-02-22,3923.0318315990125,-14.94311683283336,7434.902834134687,
2021-02-23,4034.501644040298,495.5210733745957,7807.926161311546,
2021-02-24,4029.1226503286275,-57.00002651371197,7805.92806484121,
2021-02-25,4009.9517762664477,284.88011201554974,7773.010852128481,
2021-02-26,3999.3871869235168,105.55170060970914,7655.821485508207,
2021-02-27,2571.8722848587013,-1076.6629149873397,6240.845841670147,
2021-02-28,3702.3073887918704,82.26172919390713,7401.369966183708,
2021-03-01,4270.689333797868,317.09947323179296,7740.309172729616,
2021-03-02,4390.317157671435,679.3445191728254,8179.144650022118,
2021-03-03,4385.270688682649,329.7947533203363,8222.999495866185,
2021-03-04,4358.968953186567,549.834426682278,8453.602022539051,
2021-03-05,4334.355419941025,776.4538715652064,8114.057069727025,
2021-03-06,2886.5807761130995,-960.4109623550124,6464.873397026767,
2021-03-07,3991.389458793885,37.599666222018286,7634.812449468289,
2021-03-08,4529.730973296882,726.2509548628284,8313.601536870972,
2021-03-09,4615.935026583583,648.694202934178,8183.47204476963,
2021-03-10,4575.15820241196,738.4858486396979,8486.81464196935,
2021-03-11,4511.910029775631,940.9691806470493,8052.35143516517,
2021-03-12,4450.206389413542,651.9946330755251,8109.267521703062,
2021-03-13,2966.221850119241,-482.09457977658445,6663.307458858481,
2021-03-14,4036.6479993799926,373.4685093218107,7895.097841938402,
2021-03-15,4543.2795611518495,848.8133675016634,8309.52908310011,
2021-03-16,4601.167991257113,855.0478024518787,8456.91560652918,
2021-03-17,4536.0508221748205,1059.3039201693698,8447.508451218107,
2021-03-18,4452.865023525828,675.6075180679875,8378.55677791186,
2021-03-19,4375.892597084796,560.3027237841962,8404.281633085735,
2021-03-20,2881.4101261015785,-858.5517444627337,6649.843845915493,
2021-03-21,3946.049323581413,-151.6567919537637,7806.630538813264,
2021-03-22,4451.390207737058,643.4985939454701,8087.101048079375,
2021-03-23,4512.126292337234,813.0181055518531,8037.716802313996,
2021-03-24,4453.5096337254545,165.35373475411953,8116.410364641304,
2021-03-25,4379.883457762616,547.6767261082815,8352.576415194364,
2021-03-26,4314.84994694948,572.4802497371109,7671.27667850413,
2021-03-27,2833.944192965273,-893.5927676387562,6296.164582923383,
2021-03-28,3913.0205909089227,323.13724899649924,7751.205014832298,
2021-03-29,4432.872504218948,619.5670051998245,8354.174014760381,
2021-03-30,4507.423781445898,727.0862314803123,8354.604217228194,
2021-03-31,4461.1991767343325,580.683192040995,8274.401675380006,
2021-04-01,4397.880646455375,666.1118864798124,8097.007106495377,
2021-04-02,4340.496412195428,339.1493666210985,8211.681914838373,
2021-04-03,2864.1131853512156,-563.7822324539171,6497.718786198358,
2021-04-04,3944.237316582548,84.29569636109531,7718.33884734445,
2021-04-05,4461.445296613761,730.7275400655565,8191.744665846586,
2021-04-06,4529.581908409885,933.0081353298023,8085.712897016395,
2021-04-07,4473.2329292143295,872.2868454846806,7960.550082156035,
2021-04-08,4396.279332305379,459.13243005183483,8063.0059000210285,
2021-04-09,4322.079986183185,589.3770681611866,8110.293883257212,
2021-04-10,2826.1534790983555,-1018.0544782590407,6837.375364046063,
2021-04-11,3884.5651818617207,-0.6597315098743866,7878.709746219296,
2021-04-12,4378.540430487252,538.8814152125595,8171.801330850607,
2021-04-13,4422.642674591045,347.1933434215278,8193.050813934962,
2021-04-14,4342.224109603628,574.3629991421822,8210.506736045318,
2021-04-15,4241.9564171621405,678.094394507858,8000.851421958798,
2021-04-16,4145.98932007271,577.4658116518174,7972.088888647189,
2021-04-17,2630.6083016826888,-1100.5661733836193,6615.837938566831,
2021-04-18,3672.59831642712,-548.023120280277,7300.703659568834,
2021-04-19,4153.835057807744,333.000752826608,7755.348852528746,
2021-04-20,4189.443265643669,369.2400968596085,7863.932520801643,
2021-04-21,4105.230159809663,182.30203785770587,7939.394065110756,
2021-04-22,4006.2021108840436,394.4338851790085,7639.479357743998,
2021-04-23,3916.7126440213897,261.21960707727715,7776.235256056949,
2021-04-24,2413.113409221237,-1409.84381860196,6010.413655531171,
2021-04-25,3472.115114161635,-430.8084881436561,7115.084941086158,
2021-04-26,3975.3800379265895,165.59794387197078,7745.812402098745,
2021-04-27,4037.685541593104,373.42686962377894,7801.125613569449,
2021-04-28,3984.3664826459544,214.74794900655615,7777.843498740549,
2021-04-29,3919.8443551784176,188.87989947485568,7909.305804450816,
2021-04-30,3867.790865626192,43.95755223310814,7626.7793622865765,
2021-05-01,2403.797104421923,-1314.5796899499246,6007.47792826833,
2021-05-02,3503.7547659231604,-87.6582367001493,7093.2052544330145,
2021-05-03,4048.4704366739666,304.80950413250065,7623.403929231677,
2021-05-04,4151.851733337498,528.6402507234802,7993.158133095961,
2021-05-05,4138.372545257422,546.8269255862308,8208.727995304056,
2021-05-06,4111.6245536253355,357.83051905303455,7879.282454688083,
2021-05-07,4094.5021077534357,153.00016758464832,7895.693684786958,
2021-05-08,2661.891028732205,-802.7613663933212,6632.066077385066,
2021-05-09,3789.0672584371905,-6.691649790686487,7386.53991046622,
2021-05-10,4356.325910289839,469.377250999308,8397.269490862098,
2021-05-11,4477.179122776228,709.8201515989325,8173.030605170806,
2021-05-12,4475.829683677067,669.4716654620885,8204.209163048372,
2021-05-13,4455.727410610469,722.0712832694497,8335.429274914313,
2021-05-14,4439.755286378124,532.304054475642,8056.986890535605,
2021-05-15,3002.915943154111,-950.3735802707503,6772.498176359628,
2021-05-16,4120.724540310963,244.911776573762,7744.300504651009,
2021-05-17,4673.828817350915,1271.433810540406,8649.826736726242,
2021-05-18,4776.195037912338,865.0715961262007,8521.811275827698,
2021-05-19,4752.567187120915,887.2117682983464,8662.594190902259,
2021-05-20,4707.006868669961,1195.3251661131196,8315.953781518898,
2021-05-21,4663.061412865655,994.62516857482,8515.343215698453,
2021-05-22,3196.4313379087853,-496.3636933893321,6945.419832807447,
2021-05-23,4283.343776851952,514.377910333046,8180.322783930629,
2021-05-24,4805.153220699603,786.8959810632927,8464.007238923283,
2021-05-25,4876.508847771868,1256.5424534134813,8482.711965039849,
2021-05-26,4822.796324046172,1094.668727999241,8530.781109154419,
2021-05-27,4748.661996904254,1007.8407423115285,8313.4875416638,
2021-05-28,4678.1674093350375,998.3683510315872,8216.323458824121,
2021-05-29,3187.445621410699,-445.29688819686055,6874.20169485276,
2021-05-30,4253.066215136284,384.0027499791134,7971.9434405751235,
2021-05-31,5524.72676402681,1954.072691254584,9425.946174739982,
2021-06-01,4812.93634374669,1167.741155148142,8762.914946946074,
2021-06-02,4747.420300342505,977.9802171593087,8574.753241800754,
2021-06-03,4664.685205223386,1224.9458947301666,8344.003951086574,
2021-06-04,4588.660638899143,923.9081053292223,8080.480056398411,
2021-06-05,3095.267691876191,-350.47620578796614,6995.1031148679285,
2021-06-06,4160.79450894901,470.39569182031215,7982.58145826585,
2021-06-07,4666.503763190846,1033.2793800252796,8158.383515945566,
2021-06-08,4726.810984060425,949.0524071165008,8346.185911650697,
2021-06-09,4666.741156766257,786.4565180860858,8354.675640598949,
2021-06-10,4590.470942031031,853.5577691294135,8257.21487390614,
2021-06-11,4521.503784716167,698.191395865476,8553.408432420405,
2021-06-12,3035.3486759445427,-826.4374893196847,6866.215125202621,
2021-06-13,4107.908682976958,550.2796069622583,7504.292723410546,
2021-06-14,4620.099997175066,708.7855881944021,8306.171597357561,
2021-06-15,4686.040088463283,869.872315285307,8376.222639933127,
2021-06-16,4630.512111320377,823.9924770274087,8388.193384266002,
2021-06-17,4557.512711035933,891.8730512027585,8295.598775469163,
2021-06-18,4490.430375064728,767.4380112311476,7938.616468659731,
2021-06-19,3004.7250502836414,-853.6910938278488,6933.022369196622,
2021-06-20,4076.3151764062736,544.900341987222,7758.843929476444,
2021-06-21,4586.1929992838795,560.6905502171597,8605.97669736302,
2021-06-22,4648.606938857678,910.7235174922819,8220.336319754259,
2021-06-23,4588.518408480781,917.6451809064234,8512.955997395027,
2021-06-24,4510.140542588124,440.66792327262783,8057.360278897629,
2021-06-25,4437.10633145368,642.900809518146,8368.26873131044,
2021-06-26,2945.137270893137,-716.0486548845702,6510.311422634381,
2021-06-27,4010.419084543061,162.64170601798267,7731.276081154334,
2021-06-28,4514.20579607916,963.9182355682403,8427.417360175212,
2021-06-29,4570.991332383153,1047.7087245868202,8331.489811130772,
2021-06-30,4505.956439505596,447.2331930820334,8563.881005381907,
2021-07-01,4423.498720096021,1087.74808976467,7891.544606500865,
2021-07-02,4347.3935971941255,273.965054583143,7922.6473472690905,
2021-07-03,2853.457563424764,-551.1842069248539,6679.612708113827,
2021-07-04,4056.936981059318,269.7469970283125,7618.194938325161,
2021-07-05,8168.376449331134,4310.622091961945,11790.624492613928,
2021-07-06,4480.215053759858,708.2418383723012,8199.214183884907,
2021-07-07,4417.553550934189,862.0799086005773,8284.08119108693,
2021-07-08,4338.289220970055,492.27738617394135,7983.231698131585,
2021-07-09,4266.0082773168815,776.3676925072094,8122.959415076587,
2021-07-10,2776.3090888487536,-938.6672033140225,6669.8395780221745,
2021-07-11,3845.183983070695,93.71905849319106,7603.477946085424,
2021-07-12,4353.632425008662,577.9027817582491,8312.757649603394,
2021-07-13,4415.8444237863,640.4280227642226,8072.585843417095,
2021-07-14,4356.66152279109,499.7188240241932,8041.408632994592,
2021-07-15,4280.122673174892,464.09828905528065,8041.474293352321,
2021-07-16,4209.6422209033135,408.6631377610578,7720.9876065167855,
2021-07-17,2720.690745020518,-999.7051860227746,6534.202357299016,
2021-07-18,3789.184845250214,37.967602875563465,7500.078368181477,
2021-07-19,4296.106623316341,726.3197854447851,7937.585370608481,
2021-07-20,4355.691450535928,563.5525915684196,8076.986442573366,
2021-07-21,4292.891179720233,335.3352661795677,7986.790942034985,
2021-07-22,4211.919972240146,294.2158594826927,7767.608078400538,
2021-07-23,4136.429915008059,473.04672586985595,7901.243578359253,
2021-07-24,2642.1871858005275,-1126.67270614643,6493.6102502259455,
2021-07-25,3705.454961840746,74.48046265389104,7794.412221919586,
2021-07-26,4207.603986651551,278.13244999875343,7906.264368605175,
2021-07-27,4263.28962715171,5.221783204982788,8068.895584828069,
2021-07-28,4197.902880766971,508.7208261376651,7882.453309479435,
2021-07-29,4116.102857710665,284.5781066712036,7649.589072833602,
2021-07-30,4041.97831014902,98.92224434596463,7531.614769716092,
2021-07-31,2551.7093934587965,-1211.9857893067567,6344.111796345066,
2021-08-01,3621.9362983746423,-283.45024909979537,7416.7887011262455,
2021-08-02,4134.356115906283,270.64251563798524,8031.817481972179,
2021-08-03,4203.887203233884,559.9349697706544,8204.358415832527,
2021-08-04,4156.108921797626,381.84002804450273,8039.589248913241,
2021-08-05,4095.7846467118134,394.51622125246,7905.055910244104,
2021-08-06,4047.0159435032183,485.5197255790105,7716.85467274443,
2021-08-07,2585.8993616809744,-1437.7697311776978,6273.416720668617,
2021-08-08,3688.8926793570336,-93.5416126345823,7450.32190937942,
2021-08-09,4237.412080962611,426.1728845923088,7942.930514096857,
2021-08-10,4345.999576659998,759.1422506523787,8427.183578073256,
2021-08-11,4339.768493512492,608.100129190194,8089.349206594938,
2021-08-12,4322.934815559919,476.2183273575611,7909.372360060444,
2021-08-13,4318.982068860227,866.1899834579707,7831.072371785545,
2021-08-14,2903.3309290289376,-1106.032374633577,6832.5885526189095,
2021-08-15,4051.7200489014404,149.5290541464415,7640.239986548047,
2021-08-16,4644.819197271247,852.0620101771842,8511.549070917772,
2021-08-17,4796.413582966117,1103.8696798619744,8651.982904413846,
2021-08-18,4830.866729979911,1213.767310402468,8548.981860044107,
2021-08-19,4851.669199879515,1360.2129585410105,8629.358764170993,
2021-08-20,4881.620374993106,1105.1505219451742,8626.590135192939,
2021-08-21,3495.514009661394,-275.997051473777,7094.822324408864,
2021-08-22,4668.533604020716,789.6614859271727,8564.826239093107,
2021-08-23,5280.878288147232,1460.6866556623186,9179.437198035786,
2021-08-24,5445.957740131975,1784.840529778274,9257.602640335208,
2021-08-25,5487.863216162488,1847.3686538053166,9124.49098899659,
2021-08-26,5509.921772921647,1734.2394942890794,9170.220621181514,
2021-08-27,5534.880758133994,1719.8093171303865,9230.738038613292,
2021-08-28,4137.593221289372,486.37741676326345,7636.1113874083485,
2021-08-29,5293.410327662208,1455.0415532914153,9068.056985661327,
2021-08-30,5882.801575207052,2245.831153694188,9754.892466608297,
2021-08-31,6019.541528975866,2392.9039677030346,9884.574603163595,
2021-09-01,6028.1704157627255,2490.5716402520275,9606.782025846547,
2021-09-02,6012.535988987457,2443.791907663729,9714.344557375252,
2021-09-03,5995.964124248598,2594.286469881694,9721.994682503515,
2021-09-04,4553.929225051597,574.5420894977153,8153.284578647383,
2021-09-05,5662.430978725978,2204.9564735069525,9371.354289702147,
2021-09-06,8445.665807818777,4817.895250362931,12175.726916355914,
2021-09-07,6288.862689887112,2635.8764159613047,9835.97628786933,
2021-09-08,6246.399689837568,2508.284439897954,10153.486623258903,
2021-09-09,6179.661472786895,2700.6250196717615,9783.333445777758,
2021-09-10,6112.533217346112,2285.04046043161,9887.978930222154,
2021-09-11,4620.993799308012,513.7759181801973,8099.982858986722,
2021-09-12,5681.484569037963,1950.3586907162526,9390.43334132341,
2021-09-13,6175.5081168923,2448.4114847763626,9677.506947640173,
2021-09-14,6217.79633092953,2528.9040077845766,10106.511561913743,
2021-09-15,6133.755582315017,2516.2685529924993,10046.702803800112,
2021-09-16,6027.996829218328,2356.4187744754363,9687.866215663875,
2021-09-17,5924.498356366117,1946.6865797511905,9535.907406586619,
2021-09-18,4399.272355143545,711.366381365046,7879.160373413406,
2021-09-19,5428.741874585285,1609.5127541008408,9262.508274048181,
2021-09-20,5894.349271009161,2069.5293319207703,9751.45742533653,
2021-09-21,5910.735070691512,1834.3573718096827,9936.543571445514,
2021-09-22,5803.1946537567,2131.9139249661316,9535.569265381471,
2021-09-23,5676.220099832692,1739.731646528082,9651.351259826371,
2021-09-24,5553.674454606002,1870.1895883653613,9491.211383909782,
2021-09-25,4011.4691712009585,489.9705010259513,7578.400919099938,
2021-09-26,5025.950828547288,1364.8340005499874,8565.110666538996,
2021-09-27,5478.517863473572,1877.1384371086374,9343.122522831845,
2021-09-28,5483.80589066452,1689.1949789585456,9406.105323848895,
2021-09-29,5367.14874111527,1619.0350250798122,9008.482750746789,
2021-09-30,5233.122355075784,1734.4889367742167,9049.070324224671,
2021-10-01,5105.7186645301,956.208324781363,9000.87814781165,
2021-10-02,3561.020181154946,-208.6729135488404,7360.175899152583,
2021-10-03,4575.581442252321,633.0872618541953,8263.960759806841,
2021-10-04,5031.038189981895,1123.5208768689986,8789.43005244718,
2021-10-05,5042.2830813502605,1488.1793547836344,8991.35836154574,
2021-10-06,4934.915362083559,893.5435568841975,8617.672756774982,
2021-10-07,4813.772012791318,1014.4172496450464,8747.085296720059,
2021-10-08,4703.087934167723,1161.851810829671,8216.152926622435,
2021-10-09,3179.156364773217,-638.4393391386161,6964.912807541868,
2021-10-10,4218.696192457382,356.75829209252964,8071.800382676241,
2021-10-11,7462.644696453599,3839.810578659408,11060.226364911156,
2021-10-12,4748.335069823654,795.6258077258997,8664.185381142159,
2021-10-13,4678.90656434939,906.3238145095681,8365.90720844084,
2021-10-14,4599.855386282938,964.5437556959098,8225.06475985449,
2021-10-15,4535.174168212,695.2223507349238,8116.84870892222,
2021-10-16,3060.8116489131007,-715.0595924668731,6470.286584918069,
2021-10-17,4153.039456985635,516.617029889716,7845.719267851983,
2021-10-18,4693.050432899835,959.004086239635,8287.0567332958,
2021-10-19,4795.1278838968365,973.7136070844085,8427.443761553144,
2021-10-20,4784.0936778719715,833.4190534599808,8479.012436161749,
2021-10-21,4763.843015533281,979.5859606732531,8488.841386743283,
2021-10-22,4757.513620805695,1020.6941171463607,8512.66161150246,
2021-10-23,3340.160548792108,-414.6415530357918,7102.777590555137,
2021-10-24,4487.143105223946,749.1593128397839,8246.989622462905,
2021-10-25,5078.74493607482,1415.5794335176913,9010.874256891768,
2021-10-26,5228.3660988985175,1513.037957331916,8871.614863421039,
2021-10-27,5259.9943869116705,1618.933455774993,8998.842673037094,
2021-10-28,5276.763075317636,1549.0059123420142,9177.852498136639,
2021-10-29,5301.142145144538,1621.9960055323752,8912.386285513814,
2021-10-30,3907.6335041310463,159.89273647924207,7543.417966065477,
2021-10-31,5071.1760446075705,1319.3673236030556,8567.945761704015,
2021-11-01,5671.780989027307,1976.4273671278086,9647.752062828566,
2021-11-02,5822.735791980793,2005.014867360032,9853.759890378044,
2021-11-03,5848.083410156367,2243.5763924902963,9695.393901049512,
2021-11-04,5851.183749215631,2189.3742530402365,9754.459754939795,
2021-11-05,5854.904094415954,1896.0449378041355,9468.764427704691,
2021-11-06,4434.308918521285,940.0163845287339,8190.3507444654715,
2021-11-07,5565.054910129828,1814.5343314257939,9478.726337589265,
2021-11-08,6128.011808651544,2339.21475079575,9963.944392542178,
2021-11-09,6237.447582168332,2215.475672477249,9975.712944839524,
2021-11-10,6218.485154275794,2256.075580388865,9842.358404639066,
2021-11-11,6343.509040289657,2615.923865526439,10285.008954416888,
2021-11-12,6132.972057728866,2377.8398663110675,9623.107795879489,
2021-11-13,4666.7650061227705,1102.1644918304132,8310.153458988694,
2021-11-14,5753.869631894874,1929.3785662593948,9635.223657404858,
2021-11-15,6276.302618644748,2691.976201843537,10180.718756143733,
2021-11-16,6349.39822095482,2555.292371015912,9993.887237134464,
2021-11-17,6299.234887869727,2794.073113116628,10134.502739266574,
2021-11-18,6231.1430202540605,2476.456534824423,9931.726373225332,
2021-11-19,6169.842106471987,2836.6410858171434,9956.445710745878,
2021-11-20,4692.079093071654,759.4858607283309,8266.172284581762,
2021-11-21,5774.975281898576,2057.21336828019,9483.142197581139,
2021-11-22,6300.603732306994,2549.160902166449,10209.417375428702,
2021-11-23,6384.137000932211,2485.955945420387,9953.559114597212,
2021-11-24,6351.27358718232,2569.832041409884,10213.051495256728,
2021-11-25,7019.042694458189,3221.8095800116694,10889.59606416014,
2021-11-26,6274.496462161703,2606.610390458843,10077.03698775017,
2021-11-27,4830.27853277176,1161.4209708563878,8694.081554954462,
2021-11-28,5950.080579848032,2114.6238687203654,9683.119858756567,
2021-11-29,6514.703601609647,2885.587068841408,10351.629851140391,
2021-11-30,6637.945983034087,2738.081448408576,10306.162067375966,
2021-12-01,6644.064996482124,3062.196324236972,10429.331585362763,
2021-12-02,6636.327891235863,2844.594163134871,10407.175176867544,
2021-12-03,6637.199836398364,3120.805983380814,10234.00260174671,
2021-12-04,5221.039372647939,1411.2167721869084,9061.463219146159,
2021-12-05,6362.507270625523,2583.6979943926863,10125.87288265597,
2021-12-06,6941.209223101104,3243.4400528945066,10790.08409628108,
2021-12-07,7069.910533479061,3028.718338644403,10689.88562232157,
2021-12-08,7072.029423593216,3482.312878974272,10914.636384887102,
2021-12-09,7050.215501609581,3366.840813264018,10861.450886979303,
2021-12-10,7026.559853325736,3204.9700513359253,10695.841156579987,
2021-12-11,5575.306738013069,2134.081275815358,9356.320374033607,
2021-12-12,6671.272258605586,2739.68608008423,10284.799062147255,
2021-12-13,7194.490068064461,3405.209748126304,11117.108847171667,
2021-12-14,7258.422083595314,3553.428180148462,10723.536550405886,
2021-12-15,7187.440822855985,3258.391114982376,10466.954793828412,
2021-12-16,7085.390078289731,3319.373556792543,10638.787113762093,
2021-12-17,6975.770750173238,3205.1615561976596,10615.983577220019,
2021-12-18,5434.422351366706,1325.6929575484246,9118.61677418548,
2021-12-19,6437.906247585917,2680.6602558729232,9998.548773905764,
2021-12-20,6868.1115348440235,3109.069233142045,10746.402449933275,
2021-12-21,6840.422490336582,3037.471133897538,10655.014270021233,
2021-12-22,6681.155276217348,3079.707339558332,10392.915143094213,
2021-12-23,6496.071750970163,2961.8336302595612,10192.405051211626,
2021-12-24,6310.518391834228,2656.4136645663834,10070.68825755775,
2021-12-25,9427.525535665114,5790.202110995861,13422.805516999591,
2021-12-26,5648.829688918212,1910.4156989824248,9430.769751571741,
2021-12-27,6034.074409260454,2219.5503968965054,9801.059816896224,
2021-12-28,5974.307289482123,2174.0055829011944,9497.772102090585,
2021-12-29,5796.70411865063,2114.0677151021832,9600.89848631966,
2021-12-30,5607.5954107085745,1853.9839519921538,9171.332178366709,
2021-12-31,5432.588447633611,1697.0557561013543,9138.180279065635,
